seq,label
AAAAAGGGEGEG,1
AAAAG,1
AADNANELFPPN,1
AAVGGYRVAVL,1
AAVKKMYDIQAKK,1
ACFL,1
ACGNLPRMC,1
ACNLPRMC,1
ACQ,1
ACSNHSPLGWRGH,1
ADASVLPK,1
ADF,1
ADGF,1
ADHP,1
ADVFNPR,1
AEAQKQLR,1
AEDKKLIQ,1
AEEEYPDL,1
AEERYP,1
AEFAES,1
AEK,1
AELQVVDHLGQTV,1
AEP,1
AGCGCEAMFAGA,1
AGLAPY,1
AGNDGFEYVTLK,1
AGT,1
AGTGAGAGGGAGTKTSS,1
AGTTCLFTPLALPYDYSH,1
AGWNI,1
AGWNIP,1
AGWNIPIGT,1
AH,1
AHH,1
AHK,1
AIEWEGIESGSVEQA,1
ALA,1
ALE,1
ALEPDHR,1
ALGGA,1
ALK,1
ALN,1
ALP,1
ALPMHIR,1
ALSAF,1
ALT,1
AMA,1
AMRLTGNRPCLGAT,1
AMRLTGNRPGLYAT,1
AMRLTYNKPCLYGT,1
AMRLTYNRPCIYAT,1
AMRLTYNRPGLGAT,1
AMTGLDA,1
AP,1
APGAPGPVG,1
APL,1
AQK,1
AQQQEQAQQQEQ,1
AQS,1
ARHPHPHLSFM,1
ASD,1
ASPAPAGLSY,1
ASPKPSSA,1
AVF,1
AVPYPQR,1
AVYVYDVNNNANQ,1
AW,1
AWIRGCRL,1
AY,1
AYFYPE,1
AYFYPEL,1
CAAP,1
CAGVSAIR,1
CAQ,1
CGA,1
CLL,1
CSQAPLA,1
CVPEVDPLLLRAE,1
DAHK,1
DAL,1
DAQ,1
DAQEKLE,1
DDLPR,1
DDPDKGMLKWKNDFFQEF,1
DEDTQAMP,1
DGVVYY,1
DHG,1
DHHK,1
DHHQ,1
DHHQVYSPGEQ,1
DHTKE,1
DIQ,1
DKLDLSDLAHEY,1
DLDLRKDLYAN,1
DLE,1
DLEE,1
DLSDGEQGVL,1
DLVKVEA,1
DPAQPNYPWTAVLVFRH,1
DSAI,1
DSAIDLGD,1
DSGVT,1
DTD,1
DTGSDKKQL,1
DVFRELRVQ,1
DVPPYM,1
DWDPK,1
DYK,1
DYY,1
EAL,1
EEEKNRLTKKTKLT,1
EEEQVGQGYETIRARL,1
EEL,1
EEQ,1
EERYP,1
EFFDVSNELFQ,1
EFFDVSNEQ,1
EFLQ,1
EGD,1
EIL,1
EIPT,1
EKF,1
EL,1
ELK,1
ELLI,1
ENG,1
ENK,1
ENS,1
EPDRY,1
EQEEEESTGRMK,1
EQS,1
ESIINF,1
ESTTVPERTHPACPDFN,1
ESTVPERTHPACPDFN,1
ETTL,1
EVPKA,1
EVR,1
EWPAQ,1
EYLARKGGVEVN,1
EYNNHGSFREAHPGA,1
EYY,1
FD,1
FDEQE,1
FDGEVK,1
FDGLPAKPAKKEETR,1
FDK,1
FDSGPAGVL,1
FDTADLPSGKGYL,1
FDYDPR,1
FEQI,1
FEQL,1
FFAPGRNPTSFS,1
FFGFN,1
FFNPVH,1
FGER,1
FGERR,1
FGHPY,1
FHH,1
FIGP,1
FIKK,1
FIMGPY,1
FKK,1
FL,1
FLDALLKTVDCN,1
FLHRP,1
FLNDFLHV,1
FLQEFLHV,1
FNP,1
FNVVLK,1
FPGLADR,1
FPLEMMPF,1
FPQY,1
FRADHPFL,1
FSDKIAK,1
FSGGE,1
FSL,1
FVAGK,1
FVAPAGTINY,1
FVNQPYLLYSVHMK,1
FVPH,1
FVSACSVAG,1
FYPEL,1
FYQL,1
GAA,1
GALAAH,1
GAQ,1
GASRHWYFL,1
GDL,1
GDRFQDQHQ,1
GEGSGA,1
GEPGPPGPPGPPGPPG,1
GEQQQQPGMTR,1
GFGPEL,1
GFPSG,1
GFRGTIGLVG,1
GFVG,1
GFYPPP,1
GGE,1
GGLEPINFN,1
GGNYVGVP,1
GGRLDSGKQPPRQ,1
GHH,1
GKGEGGGGLA,1
GLAGA,1
GLD,1
GLDIQK,1
GLTSK,1
GNPIPREPGQVPAY,1
GNRGFACRHA,1
GP,1
GPAGDY,1
GPAGPAG,1
GPGGFI,1
GPLGLLGFLGPLGLS,1
GPP,1
GPPGPPGPP,1
GPPGPPGPPG,1
GPPGPPGPPGPPG,1
GPVRGPFPII,1
GQFNDKRWIPFG,1
GQVPP,1
GSGGL,1
GTQY,1
GTW,1
GVPLT,1
GVQEGAGHYALL,1
GWNI,1
GWNIP,1
GYLEQ,1
GYY,1
HAEIN,1
HDHAERFSGHDNED,1
HDHPVC,1
HEH,1
HFGDPFH,1
HFH,1
HGGEGGRPYHLGEES,1
HGPL,1
HGPLGPL,1
HH,1
HHF,1
HHLP,1
HHP,1
HHPL,1
HHY,1
HIAGKSSIFRA,1
HIR,1
HK,1
HL,1
HLH,1
HLHP,1
HLPH,1
HLPLP,1
HLPLPL,1
HLPLPLL,1
HMPVTK,1
HNAVDSQIAGKA,1
HNPI,1
HPH,1
HPHL,1
HPHPHLSF,1
HPIKHQGLPQ,1
HQIYPV,1
HQP,1
HVAGTVA,1
HVIKPPSRA,1
HVRETALV,1
HYEG,1
HYH,1
HYVPV,1
HYY,1
IAAEVYEHTEGSTTSY,1
IAE,1
IANNEADAISLDGGQVFEAG,1
IAPNYNTRATKL,1
IEAEGE,1
IEEAF,1
IEWEGIESGSVEQA,1
IHH,1
IIA,1
IIAEK,1
IIENGEKWS,1
IKK,1
ILL,1
INY,1
IPA,1
IPAGM,1
IPAGV,1
IPAVFK,1
IPIQY,1
IPIQYVL,1
IQK,1
IQY,1
IR,1
IRL,1
IRW,1
ISELGF,1
ISELGW,1
ISELGY,1
ISELWG,1
ISL,1
ISQAVHAHAEINEAGR,1
IVAGPQ,1
IVEYF,1
IVF,1
IVQNNDSTEYG,1
IVT,1
IY,1
IYPF,1
IYY,1
KAI,1
KAL,1
KAQYPYV,1
KDVPP,1
KEEKFE,1
KEFLLAGNNNRA,1
KELPPSDADW,1
KFD,1
KGL,1
KHDRGDEF,1
KII,1
KIP,1
KKI,1
KKSKADLTEVTHK,1
KKY,1
KLSDW,1
KPT,1
KPYVFRATGAL,1
KVA,1
KVI,1
KVL,1
KVR,1
KY,1
KYL,1
KYY,1
LAC,1
LAGKPQQEHSGEHQ,1
LAGNPHQQQQN,1
LAL,1
LALPA,1
LAM,1
LAPSLPGKPKPD,1
LDA,1
LDI,1
LDIQKEV,1
LDK,1
LDT,1
LDY,1
LDYE,1
LEE,1
LEEAF,1
LEELEEELEGCE,1
LEI,1
LEK,1
LELHKLRSSHWFSRR,1
LELPLK,1
LEQQVDDLEGSLEQEKK,1
LER,1
LGFEY,1
LGFEYY,1
LGLNGDDVN,1
LGNTDYAVH,1
LGY,1
LH,1
LHA,1
LHD,1
LHE,1
LHF,1
LHH,1
LHK,1
LHL,1
LHM,1
LHQ,1
LHR,1
LHS,1
LHT,1
LHV,1
LHW,1
LHY,1
LK,1
LKKISQ,1
LKP,1
LKQELEDLLEKQE,1
LLAPPER,1
LLF,1
LLGPGLTNHA,1
LLL,1
LLNPT,1
LLPF,1
LLPH,1
LLPHH,1
LLPHHADADY,1
LLPHHH,1
LLR,1
LMGQW,1
LNE,1
LNGDVW,1
LNLPTAVYMVT,1
LPAGV,1
LPENAKVDQVK,1
LPF,1
LPHH,1
LPHSGY,1
LPM,1
LPWRPATNVF,1
LPYPY,1
LPYY,1
LQGMP,1
LQK,1
LQL,1
LQPGQGQQ,1
LQPGQGQQG,1
LQSGDALRVPSGTTYY,1
LRGIKNYRVAVL,1
LRV,1
LSF,1
LSGNK,1
LSGYGP,1
LSSLEMGSLGALFVCM,1
LT,1
LTC,1
LTTLDSE,1
LVDTGRGPIMY,1
LVEKGDVAFI,1
LVGDEQAVPAVCVP,1
LVL,1
LVMFLDNQHRVIRH,1
LVR,1
LVSGM,1
LVSK,1
LVYIIQGR,1
LW,1
LWA,1
LWD,1
LWE,1
LWG,1
LWH,1
LWHTH,1
LWK,1
LWM,1
LWN,1
LWQ,1
LWR,1
LWS,1
LWV,1
LWY,1
LYPY,1
LYY,1
MCYPAST,1
MDATALHYENQK,1
MLELDPLNNLPRM,1
MNGEKKKAPLGDE,1
MPACGSS,1
MPDAHL,1
MPVHTDAD,1
MSEGSGAADVEGPS,1
MVPYPQR,1
MYY,1
NEN,1
NGE,1
NGLEGLK,1
NGPLLPSDEMDRA,1
NGPLQAGQPGER,1
NHK,1
NIQFNEQKAL,1
NMAVPDALAGPL,1
NMGPLLPQ,1
NP,1
NPT,1
NPYVPR,1
NQE,1
NRVYIHPFHLLVYS,1
NVNYVELLVAPNVDL,1
NYPSD,1
PAGY,1
PAV,1
PC,1
PDLVF,1
PEG,1
PEL,1
PEV,1
PGVPWP,1
PHA,1
PHE,1
PHF,1
PHH,1
PHHADS,1
PHL,1
PHR,1
PHV,1
PHW,1
PHYL,1
PIAAEVYEHTEGSTTSY,1
PKAV,1
PKAVHE,1
PKLPPVKK,1
PLAQPA,1
PLFQNKLAHAK,1
PLHH,1
PLPLHMLP,1
PLPPHMLP,1
PMH,1
PNRPQF,1
PP,1
PPHMLP,1
PPQ,1
PQFYW,1
PQIPEQF,1
PR,1
PSDHDHE,1
PSHDAHPE,1
PSKYEPFV,1
PSLPA,1
PSLVGRPPVGKLTL,1
PTGPNNGLSY,1
PTP,1
PTQ,1
PVMGA,1
PVSHDHAPEY,1
PW,1
PWE,1
PWF,1
PWG,1
PWH,1
PWI,1
PWQ,1
PWR,1
PWS,1
PWT,1
PWY,1
PYPQ,1
PYSFK,1
PYVRYL,1
PYY,1
QAGTGAGAGGGAGTKTSS,1
QAL,1
QGAR,1
QHGV,1
QHH,1
QIGLF,1
QITEGEDGGG,1
QKK,1
QKV,1
QKW,1
QL,1
QLE,1
QLGNLGV,1
QNIFSGFSTELLS,1
QPSSVDSQTAM,1
QQFQQSGQAQLTE,1
QQRQQQGL,1
QSL,1
QTDSHGNDRLLLT,1
QVVPYPQ,1
QVVRSDQGSVR,1
QYDQGV,1
QYP,1
QYY,1
RADHP,1
RADHPF,1
RADHPFL,1
RASDPLLSV,1
RDILNQ,1
RDMPIQ,1
RGQVIYVL,1
RGY,1
RHD,1
RHE,1
RHF,1
RHG,1
RHH,1
RHK,1
RHL,1
RHN,1
RHQ,1
RHS,1
RHT,1
RHV,1
RHW,1
RINK,1
RLKKY,1
RLS,1
RNR,1
RPDFDLEPPY,1
RPNYTDA,1
RPPGFSPFR,1
RPSYT,1
RTP,1
RVPSLM,1
RVY,1
RW,1
RWAEK,1
RWE,1
RWH,1
RWL,1
RWQ,1
RWR,1
RWY,1
RY,1
RYL,1
RYLG,1
RYLGY,1
RYPS,1
RYQKF,1
RYY,1
SAE,1
SAEHGSLH,1
SAGNPN,1
SALAM,1
SAP,1
SDF,1
SDI,1
SDRDLLGPNNQYLPK,1
SEALGVSSQVARQ,1
SFN,1
SGGSYADELVSTAK,1
SGGY,1
SGQYFL,1
SHH,1
SLA,1
SLL,1
SMRKPPG,1
SNAAC,1
SPFLQSAAFQLRN,1
SPFWNINAHS,1
SPYCYG,1
SSAPGGGRP,1
SSDEEVREEKELDLSSNE,1
SSGFTY,1
SV,1
SVDSQTAF,1
SVEIQALCDM,1
SVL,1
SVNVPL,1
SVPQPK,1
SVYT,1
SYY,1
TAAIVNTA,1
TAGTGGGQFQPMR,1
TCSP,1
TDY,1
TEFHLL,1
TERGY,1
TETWNPNHPEL,1
TFD,1
THH,1
TIASGEP,1
TIIPLPV,1
TKI,1
TNGIIR,1
TPE,1
TPEVDDEALKE,1
TPSPR,1
TQL,1
TQT,1
TRTGDPFF,1
TSQLLSDQ,1
TTYY,1
TVFDGELR,1
TVGGAPAGRIVME,1
TY,1
VAG,1
VALDGGL,1
VAMVPPFET,1
VAPFPEVF,1
VAPFPGVFGK,1
VAVDKHDYEPLGHSDIGVY,1
VAW,1
VAWRNRCKGTD,1
VCDADPSSPVPEA,1
VDHDHPE,1
VDYP,1
VECYGPNRPQF,1
VEGNLQVLRPR,1
VEIPHD,1
VEVGGGARAP,1
VFD,1
VFPW,1
VGAPSVS,1
VGDI,1
VGGIDEVIAK,1
VGPLSPT,1
VHDY,1
VHH,1
VHHANEN,1
VHLKP,1
VIPAGYP,1
VIPMGL,1
VKAGFAWTANQQLS,1
VKEAMAPK,1
VKEAMPK,1
VKELY,1
VKP,1
VKRRGQDCIHGFCSD,1
VKVLLEHPVL,1
VLD,1
VLDTGLAGA,1
VLEANPRSF,1
VLEESKGAPKPN,1
VLLPDEVSGL,1
VLNSNAAPLPN,1
VLPIPQ,1
VLPVP,1
VLPVPQK,1
VLSRYPS,1
VLSTSFPPK,1
VLV,1
VLVPK,1
VLYEE,1
VNPHDHQN,1
VPKNYFHDIV,1
VPKVK,1
VPLSPT,1
VPNSYP,1
VPSGK,1
VPSIDDQEELM,1
VPVTST,1
VPW,1
VPYPQ,1
VQVTSTAV,1
VRT,1
VSLPEW,1
VTGRFAGHPAAQ,1
VTQ,1
VVALALI,1
VVGGDGDV,1
VVKL,1
VVLYR,1
VVSNFGKTVFDGVL,1
VVVVPH,1
VVYFDQTQAQA,1
VY,1
VYPFPGPIPN,1
VYV,1
VYY,1
WAFS,1
WALKGYK,1
WDR,1
WGLETAGSVVLLDLQ,1
WHNVSGSP,1
WISELG,1
WISELGW,1
WL,1
WLLYLDGPPMGLT,1
WP,1
WPP,1
WPRGYFL,1
WSRRGEREEEDERRR,1
WSVPQPK,1
WSVWEQELEDR,1
WSY,1
WVYY,1
WY,1
WYGPD,1
WYS,1
WYSL,1
WYSLA,1
WYSLAMA,1
WYSLAMAASDI,1
YA,1
YAEERYPIL,1
YAY,1
YDY,1
YEADARSFHDLAEHDIRV,1
YEGS,1
YFE,1
YFPVGGDRPESF,1
YFY,1
YFYPEL,1
YGGFL,1
YGGFM,1
YGGVSLPEW,1
YGIKVGYAIP,1
YGKPVAVPAR,1
YGL,1
YGLN,1
YGNWLYK,1
YGY,1
YGYTGA,1
YHH,1
YHY,1
YIEAVNKVSPRAGQF,1
YINQMPQKSRE,1
YINQMPQKSREA,1
YIPIQY,1
YIY,1
YKK,1
YKY,1
YLAGKPQQEH,1
YLAGMN,1
YLGY,1
YLKT,1
YLLLK,1
YLMSR,1
YLY,1
YLYP,1
YNILSGFDTEL,1
YNL,1
YNY,1
YPEL,1
YPELF,1
YPFPG,1
YPIL,1
YPPAK,1
YPSPV,1
YPYY,1
YQEP,1
YQEPVLGPVRGPFPIIV,1
YQETSSSSSQ,1
YQETSSSSSQE,1
YQETSSSSSQEQ,1
YQK,1
YQKF,1
YQKFP,1
YQKFPQY,1
YQL,1
YQLD,1
YQY,1
YRGGLEPINF,1
YRPPGFSPFR,1
YRY,1
YSEEQQPSTR,1
YSEMPPGK,1
YSK,1
YSTA,1
YSY,1
YTY,1
YVE,1
YVEEL,1
YVHPFHL,1
YVL,1
YVNDAATLLPR,1
YVY,1
YWVTSGPK,1
YWY,1
YY,1
YYA,1
YYD,1
YYDPL,1
YYE,1
YYG,1
YYH,1
YYK,1
YYM,1
YYN,1
YYQ,1
YYR,1
YYY,1
AC,0
ADNWWMCTANK,0
AHGMFNPHMWKCCM,0
AMCDDP,0
AMFQWDIMEHI,0
AMTRNYPW,0
ANCWH,0
ARMVVC,0
ATC,0
CA,0
CAD,0
CADFAYDNWI,0
CAETSTQ,0
CC,0
CCG,0
CCH,0
CCI,0
CCPAC,0
CCS,0
CCSPRKVE,0
CCYLAFDYQTVGM,0
CDDRQ,0
CDE,0
CDIQL,0
CDRVE,0
CDS,0
CEA,0
CEH,0
CEV,0
CF,0
CFECD,0
CFG,0
CFTVP,0
CFWGCAVFN,0
CFYMIIP,0
CGT,0
CGTKT,0
CHIRH,0
CHQHED,0
CHRWGIQR,0
CIKTQ,0
CKA,0
CL,0
CLHWMHPSWLLFNC,0
CLIEDFWT,0
CLMMA,0
CLN,0
CLR,0
CLRKN,0
CML,0
CMN,0
CMPFEH,0
CN,0
CNGSSG,0
CPCW,0
CPW,0
CQ,0
CQA,0
CQD,0
CQH,0
CQR,0
CQV,0
CRI,0
CRLT,0
CRNHTMICARKM,0
CRP,0
CRQ,0
CRQMV,0
CRQN,0
CRS,0
CRTWDCIIWIL,0
CRV,0
CSCSRLRL,0
CSE,0
CSRWF,0
CSRYWLN,0
CT,0
CTAE,0
CTD,0
CTGNMNEGKFEM,0
CTHERKE,0
CTK,0
CTQR,0
CTVAGH,0
CVC,0
CVCTECAMFRWSFCFR,0
CVE,0
CVEPCH,0
CVRW,0
CW,0
CWAL,0
CWCNPQ,0
CWMN,0
CWNQLNVF,0
CWSWFQAR,0
CWTSD,0
CYA,0
CYH,0
CYIHIFM,0
CYT,0
DAMKNNVQQC,0
DCQDRQW,0
DDEMKWTRPEFSQGS,0
DEYHDPHDKEGWRFCMPV,0
DFVDN,0
DFVQFCKMPYD,0
DGM,0
DHHCTRWPSE,0
DHKKFDSNILISMMNVT,0
DHKMIQNF,0
DIRFKHRNQ,0
DIWDCVLWTPIRP,0
DKAFQMSQM,0
DMD,0
DMDHLYCGAY,0
DML,0
DMLH,0
DMN,0
DMRGNYPKDME,0
DMV,0
DMY,0
DMYC,0
DNC,0
DNCHHKKTWSN,0
DNMTF,0
DNTKFWDMVHITT,0
DNW,0
DQCFMEHDTMQCIMH,0
DQM,0
DQMD,0
DRS,0
DSSH,0
DT,0
DTHFIKA,0
DTKWW,0
DTNQCIFH,0
DTS,0
DTSN,0
DVMGEWVPTDMA,0
DWGTNNAD,0
DWITIGFYYFASNSF,0
DWR,0
DWTD,0
DWTWN,0
DWV,0
ECAF,0
ECFYVIHMEQSGMYNHDD,0
ECGTT,0
ECKDP,0
ECKKKNQ,0
ECTK,0
ECTL,0
ECVPMW,0
EDW,0
EEC,0
EFM,0
EIMNR,0
EINDENSWWA,0
EKS,0
EMCCTVVF,0
EMDNEKQ,0
EMI,0
EMQPT,0
EMRYT,0
EMYWFEDEPKNDD,0
ERC,0
EREQWNPNM,0
ERNID,0
ERYCEIH,0
ESHDIKIM,0
ESNRMCWSRE,0
ESRCLFGFCKHHLNI,0
EVREHIDNT,0
EW,0
EWECIGGCN,0
EWNWQVCWSN,0
FADMW,0
FCH,0
FCIRPFGW,0
FCMQCTHDWS,0
FCRNHDS,0
FCTNKSV,0
FDKSWWIC,0
FDMSMQQLDI,0
FDQCV,0
FECPFCRS,0
FEDTCNHNMN,0
FFSYIMV,0
FGCFF,0
FI,0
FIKTNQ,0
FIKVMGTCNF,0
FIQ,0
FITLTWRWVF,0
FIV,0
FKMFKYQRRVQ,0
FKRS,0
FLFWCI,0
FMCWPWF,0
FMNYSI,0
FMW,0
FNM,0
FNW,0
FQMQCTSQGP,0
FRYYFKRVQWMLC,0
FSCQM,0
FTC,0
FTM,0
FVC,0
FVTGCYNEMA,0
FW,0
FWA,0
FWG,0
FWN,0
FWQ,0
FWTIYS,0
FWVI,0
FYHNMGPCIRHMS,0
FYMTYERP,0
GCM,0
GDYMMRQKWMY,0
GHSWDWEKSWP,0
GIDHDWFW,0
GKHFCEARQMQQ,0
GNC,0
GQSMNI,0
GTHIWQKKFTNY,0
GTMSAQH,0
GWM,0
GWMNADI,0
HACREGDDSH,0
HCC,0
HCECSYWATC,0
HCEMY,0
HCG,0
HCH,0
HCWTANA,0
HDM,0
HEMTV,0
HEQRSNSFHF,0
HEVTDFC,0
HFI,0
HFWKN,0
HGC,0
HHCISP,0
HHMCVM,0
HHNMGWMLYDRNMR,0
HHVHQWQ,0
HICFGKERLEP,0
HKC,0
HLRNMI,0
HMENGKN,0
HMI,0
HMRLMIMF,0
HNQI,0
HNWHPM,0
HQC,0
HRRIHC,0
HRVVWFCQNK,0
HSSVKEMD,0
HSTRKDYKC,0
HTC,0
HTV,0
HTW,0
HVQN,0
HVQQ,0
HVTTS,0
HVV,0
HWDSSNPMPKRIFNG,0
HWLQH,0
HWQ,0
HWT,0
ICADSF,0
ICDWFHKHNFL,0
ICE,0
ICFKP,0
ICP,0
ICRM,0
ICWFVNETDCT,0
IEFM,0
IEHYVHQEVC,0
IFI,0
IGCGINFCSHFGIV,0
IHMGKIQEAEHII,0
IHNCNTQD,0
IIIHFEQRCA,0
IKDF,0
IKMP,0
IKSYCKM,0
IME,0
IMI,0
IMK,0
IMM,0
IMSLAFCE,0
IN,0
INTDAHHMADIKE,0
IQC,0
IQCIML,0
IQEM,0
IQH,0
IQM,0
IQMA,0
IQV,0
IRM,0
IRN,0
IRWM,0
ISIYC,0
ISKNRFMKDHTR,0
ISMECYN,0
ISQMRLCYI,0
IVGTFCVMLRATGP,0
IVMSRKYKSHYMFYHV,0
IVWMQGW,0
IW,0
IWC,0
IWCKI,0
IWHENT,0
IWN,0
KAMEGKMAMK,0
KC,0
KCGTCRHC,0
KCH,0
KCNCEQHM,0
KCR,0
KCS,0
KCV,0
KCVINGPFWKDHF,0
KDSD,0
KEFCFN,0
KEI,0
KERG,0
KFIIIQVQMDGN,0
KGM,0
KGMAV,0
KKGCEH,0
KLRMHWRQVP,0
KMF,0
KMISL,0
KMM,0
KMN,0
KMSCNM,0
KMY,0
KNF,0
KNIDFNSDCLDGE,0
KNV,0
KNWY,0
KQDNQ,0
KQM,0
KQW,0
KRC,0
KRCMYFFGT,0
KRG,0
KRMGI,0
KRQ,0
KRS,0
KRT,0
KSCQ,0
KSD,0
KSIQTKS,0
KTDFGQEDTHKW,0
KTKWC,0
KWM,0
KWVWW,0
KYM,0
KYRTM,0
LNKNWFVSCPR,0
LQRMCNLEFFHNQWDR,0
MAE,0
MAFHLGIERYQS,0
MAQCETM,0
MAR,0
MAWECIWWKMVL,0
MAY,0
MC,0
MCCRHLPETIARMW,0
MCDEPS,0
MCIFR,0
MCK,0
MCQQGTY,0
MCQVAPCWCIAGD,0
MD,0
MDLVRWNGNEGRDCKG,0
MDQPIMPS,0
MECYASNDH,0
MEHFA,0
MEKIN,0
MEMSNYEHTPY,0
MES,0
MEYS,0
MF,0
MFV,0
MFVQFVRDD,0
MFW,0
MGD,0
MGS,0
MHASD,0
MHEWSL,0
MHFPH,0
MHTLMQCQVGHAWDIE,0
MHVMDYPR,0
MICPNGH,0
MIDHNHWIQVKN,0
MIHENMW,0
MIKAHG,0
MIL,0
MINHDIR,0
MKAYYK,0
MKLNKVFWSA,0
MKNWYK,0
MKPPQTSNCMLETLW,0
MKQ,0
MKSAHNKEWED,0
MLF,0
MLK,0
MLN,0
MLQ,0
MLTLNRWGHN,0
MLWDIMFAHAFAAF,0
MM,0
MMD,0
MMDNKYIWVTAMF,0
MMFFRHIWETG,0
MMHCNQNVF,0
MMK,0
MMSC,0
MMVKS,0
MNC,0
MNFCRLFQAG,0
MNIICYWTEHDQISS,0
MPMKRS,0
MPN,0
MPWS,0
MQD,0
MQDMWWKWHYTERF,0
MQE,0
MQEIVW,0
MQKQTE,0
MQT,0
MQV,0
MQYRSKVRHYM,0
MRADPS,0
MRFNAMSP,0
MRLY,0
MRN,0
MRQ,0
MRRHEITFKN,0
MRW,0
MRWS,0
MRYL,0
MS,0
MSA,0
MSCS,0
MSK,0
MSM,0
MSMMV,0
MSN,0
MSQ,0
MT,0
MTCRL,0
MTE,0
MTHPFK,0
MTN,0
MTYREVKLHIPMI,0
MTYS,0
MVD,0
MVF,0
MVP,0
MVV,0
MVYTKRPFM,0
MWKRIGHFH,0
MWNLQL,0
MWQN,0
MWWVRLH,0
MY,0
MYEW,0
MYFYL,0
MYS,0
MYV,0
NAC,0
NARKSW,0
NCV,0
NDH,0
NDSSECH,0
NDTAYCE,0
NDVCIN,0
NDWIMCMCAAQY,0
NECAFDTKE,0
NEM,0
NFDG,0
NFE,0
NFEVYDMDITT,0
NFKIHR,0
NFMW,0
NFPTGMDTMQEKNA,0
NFR,0
NH,0
NHI,0
NHT,0
NHWMQ,0
NI,0
NIE,0
NIIW,0
NINQ,0
NIQ,0
NIWKCTMDL,0
NKQ,0
NMELLD,0
NML,0
NMR,0
NNFKAY,0
NNG,0
NNI,0
NNIWVNRV,0
NNN,0
NQG,0
NQS,0
NQW,0
NRC,0
NRF,0
NSC,0
NSH,0
NSKF,0
NTHNRMSRCFED,0
NTINRVTKEHPGWTAV,0
NVC,0
NVHRRTVFKVMTRGHLVM,0
NVT,0
NWL,0
NWM,0
NWT,0
NYEDTDNRMVI,0
PERMCV,0
PYVRVTYIDCMVLR,0
QAC,0
QCASEMYDA,0
QCNCVVNTHSMAL,0
QCV,0
QCW,0
QDF,0
QDH,0
QDI,0
QDVYHMIDLMKMKCEDA,0
QFKMHYSEQKLCRW,0
QFMMMS,0
QFN,0
QGNIQKFGTFMRRD,0
QHCWGQMKPCGV,0
QIEECHMITFCVWIYKP,0
QIQWMCHYLQ,0
QIRNW,0
QIS,0
QKQV,0
QKS,0
QLENCWHNCFYV,0
QMHYQ,0
QMWL,0
QNHAFHKHVRT,0
QNM,0
QNQ,0
QQM,0
QQW,0
QRDQF,0
QRHWWYSWDQYEKQ,0
QRM,0
QRNCCF,0
QRS,0
QS,0
QSMWW,0
QTFM,0
QTFQ,0
QTN,0
QTT,0
QTWLF,0
QVC,0
QVFDGDCKQ,0
QVFNWMNLR,0
QVWDMCVPAPM,0
QWEF,0
QWK,0
QYECG,0
RCA,0
RCFVTFKLWRYEF,0
RCM,0
RCTFGCRINTILVETH,0
RDC,0
RDCKA,0
RDFKI,0
RDQ,0
RDT,0
REMGV,0
REW,0
REYSRYLFHWFVRKQI,0
RFFITEKSRE,0
RHDCTFNQMRWFCL,0
RHMM,0
RKLNCM,0
RMC,0
RMDFFF,0
RMHELFTSDYRHHVKDW,0
RMN,0
RMQAYVP,0
RMQMIA,0
RMS,0
RMW,0
RMYQPMHGSG,0
RNFEWWLSQMPY,0
RNGWC,0
RNI,0
RNIGDKCGN,0
RNKEF,0
RNRA,0
RNSF,0
RNT,0
RQ,0
RQAM,0
RQCHP,0
RQN,0
RQTQRFV,0
RQVMDEPMTNMS,0
RQWWEET,0
RQYWDIQGSFLMGW,0
RRCRDY,0
RRKEE,0
RRQ,0
RRS,0
RRWQVHESIKWF,0
RSWKEMYCHHHL,0
RT,0
RTCQNFF,0
RTH,0
RTKCFKDHQRRDCV,0
RTPNRMLQMKYYGTYIADTK,0
RTRNWMMDP,0
RTVTM,0
RVNKM,0
RVYC,0
RYCVF,0
SACWCRWV,0
SCK,0
SCNMFTDEHQ,0
SCR,0
SCRDKVEFQW,0
SDCSWEC,0
SDMEA,0
SDMRYWW,0
SEM,0
SGTCMIGVGNHYERF,0
SHI,0
SHIS,0
SIC,0
SKQS,0
SMAMKPQFECT,0
SMESMYWAGK,0
SMGQ,0
SML,0
SMSWERAM,0
SMWRESV,0
SMY,0
SNKC,0
SSC,0
SSCSWKIM,0
SSNYCT,0
SSQW,0
SW,0
SWF,0
SWHCIWEVRSK,0
SWNRW,0
SYDM,0
SYIRTFV,0
TAC,0
TAFCEDAW,0
TAM,0
TARMNGKNFT,0
TC,0
TCD,0
TCH,0
TCP,0
TDHVNC,0
TDN,0
TDWYCHQG,0
TEETCACHS,0
TEKCCSQE,0
TFNDINRK,0
TFQVRFP,0
THEISMCAVVWW,0
THSCK,0
THV,0
THW,0
TI,0
TIC,0
TIS,0
TKG,0
TKGCQY,0
TKS,0
TKTVCSMKCGE,0
TM,0
TMFLLHFT,0
TMH,0
TMTPI,0
TMVMIE,0
TNIEGRNA,0
TNKEKH,0
TPSMMSYHWA,0
TQN,0
TQWNMWRLK,0
TRD,0
TRG,0
TRN,0
TSC,0
TTHCGFRA,0
TTKSYRFWAFKEST,0
TTMTWC,0
TTVFSWT,0
TTW,0
TVI,0
TVRPDMNE,0
TWA,0
TWD,0
TWF,0
TWNRYWLDFFIEWT,0
TWQ,0
TYC,0
TYM,0
VAIKCM,0
VCEWVVWMCGMDVFN,0
VCRNYAFCPYTYHHEDC,0
VCS,0
VCV,0
VDCSMKACFVRCA,0
VDNWVCI,0
VENMN,0
VHC,0
VIHCN,0
VISCQFVK,0
VKS,0
VKTCTVWSCGVWH,0
VM,0
VMGI,0
VMIQALEPVC,0
VNCK,0
VNVKTHRQA,0
VQNMYGW,0
VQWKACYE,0
VRN,0
VRQMMMNQGCIFR,0
VRRFYCTLHQVF,0
VRSMREWVK,0
VSCWMQ,0
VTM,0
VTWVH,0
VWEHKVM,0
WCEV,0
WCIRHAEC,0
WCK,0
WCTDY,0
WDC,0
WDH,0
WDMQWIINAYK,0
WEC,0
WFGTW,0
WFH,0
WFKKVP,0
WFPSRQKC,0
WG,0
WHM,0
WHV,0
WI,0
WIKAN,0
WIL,0
WIMKRFKI,0
WIN,0
WIQQG,0
WIS,0
WIT,0
WITHVYCRYLLLCV,0
WKC,0
WKIHI,0
WKN,0
WLNMID,0
WM,0
WMAIKKAGNHNKVM,0
WMAYFL,0
WNAWA,0
WNVEF,0
WQ,0
WQDHATLAH,0
WQLMTNVTRHCSV,0
WQNM,0
WQQ,0
WQRADANN,0
WQS,0
WRDCDL,0
WRIEHE,0
WRKSCRNYLIYVMRC,0
WRMHN,0
WRRQN,0
WRSI,0
WRV,0
WS,0
WSEMP,0
WSG,0
WSIQDN,0
WTIIKEM,0
WTIKVVI,0
WTMN,0
WTQTWLYYHCM,0
WVHF,0
WVN,0
WVV,0
WVYIE,0
WWCCTNYYYKQVQ,0
WWDH,0
WWF,0
WWG,0
WWHTREMW,0
WWQRCGKLWFSLP,0
WWTIE,0
WWTRC,0
WWWQISDL,0
WYGCLVI,0
WYI,0
YCCDP,0
YCISCNCTMQFI,0
YCNAKKQ,0
YCQV,0
YEWWCTDAIAAQ,0
YFEWFTSAIQCLM,0
YFHHC,0
YHC,0
YHDFAWVQCIF,0
YIMS,0
YIVQNPFHMCYHMW,0
YLERMW,0
YLIIGCKDDSSFWACTFW,0
YMNH,0
YMRV,0
YMT,0
YMVK,0
YQNNKTIHGIS,0
YQSGCKECKQ,0
YSMD,0
YSMDW,0
YSRCGSH,0
YTCMAC,0
YTHMQP,0
YTM,0
YWMYK,0
YYAVTNHECNI,0
